<i>
  <i image="walk1_0.png" delay="180" x="-54" y="-68"/>
  <i image="walk1_1.png" delay="180" x="-54" y="-68"/>
  <i image="walk1_2.png" delay="180" x="-54" y="-68"/>
  <i image="walk1_3.png" delay="180" x="-54" y="-68"/>
  <i image="stand2_0.png" delay="500" x="-29" y="-68"/>
  <i image="stand2_1.png" delay="500" x="-29" y="-68"/>
  <i image="stand2_2.png" delay="500" x="-29" y="-68"/>
  <i image="stand2_3.png" delay="500" x="-29" y="-68"/>
  <i image="stand2_4.png" delay="500" x="-29" y="-68"/>
  <i image="alert_0.png" delay="500" x="-52" y="-67"/>
  <i image="alert_1.png" delay="500" x="-52" y="-67"/>
  <i image="alert_2.png" delay="500" x="-52" y="-67"/>
  <i image="alert_3.png" delay="500" x="-52" y="-67"/>
  <i image="alert_4.png" delay="500" x="-52" y="-67"/>
  <i image="swingT1_0.png" delay="300" x="-94" y="-90"/>
  <i image="swingT1_1.png" delay="150" x="-94" y="-90"/>
  <i image="swingT1_2.png" delay="350" x="-94" y="-90"/>
  <i image="swingT2_0.png" delay="300" x="-68" y="-85"/>
  <i image="swingT2_1.png" delay="150" x="-68" y="-85"/>
  <i image="swingT2_2.png" delay="350" x="-68" y="-85"/>
  <i image="swingT3_0.png" delay="300" x="-45" y="-89"/>
  <i image="swingT3_1.png" delay="150" x="-45" y="-89"/>
  <i image="swingT3_2.png" delay="350" x="-45" y="-89"/>
  <i image="swingTF_0.png" delay="200" x="-97" y="-96"/>
  <i image="swingTF_1.png" delay="150" x="-97" y="-96"/>
  <i image="swingTF_2.png" delay="150" x="-97" y="-96"/>
  <i image="swingTF_3.png" delay="200" x="-97" y="-96"/>
  <i image="stabO1_0.png" delay="350" x="-97" y="-65"/>
  <i image="stabO1_1.png" delay="450" x="-97" y="-65"/>
  <i image="stabO2_0.png" delay="350" x="-98" y="-68"/>
  <i image="stabO2_1.png" delay="450" x="-98" y="-68"/>
  <i image="stabOF_0.png" delay="250" x="-117" y="-66"/>
  <i image="stabOF_1.png" delay="150" x="-117" y="-66"/>
  <i image="stabOF_2.png" delay="300" x="-117" y="-66"/>
  <i image="proneStab_0.png" delay="300" x="-89" y="-40"/>
  <i image="proneStab_1.png" delay="400" x="-89" y="-40"/>
  <i image="prone_0.png" delay="100" x="-74" y="-40"/>
  <i image="fly_0.png" delay="300" x="-29" y="-81"/>
  <i image="fly_1.png" delay="300" x="-29" y="-81"/>
  <i image="jump_0.png" delay="200" x="-29" y="-73"/>
  <i image="ladder_0.png" delay="250" x="-25" y="-71"/>
  <i image="ladder_1.png" delay="250" x="-25" y="-71"/>
  <i image="rope_0.png" delay="250" x="-23" y="-74"/>
  <i image="rope_1.png" delay="250" x="-23" y="-74"/>
  <i image="sit_0.png" delay="100" x="-26" y="-64"/>
</i>